,sgx,percent_train,model,max_depth,MiB,num_features,num_rows,train_time,cpu_time,percent_spent,function,time_in_func
0,0,10,dt,3,234,28,1100000,8271706017,60.282,0.3252,tokenize_bytes,19.603706399999997
1,0,10,dt,3,234,28,1100000,8271706017,60.282,0.215,precise_xstrtod,12.960629999999998
2,0,10,dt,3,234,28,1100000,8271706017,60.282,0.1008,__pyx_f_7sklearn_4tree_9_splitter_introsort,6.076425599999999
3,0,10,dt,3,234,28,1100000,8271706017,60.282,0.0354,__memmove_evex_unaligned_erms,2.1339828
4,0,10,dt,3,234,28,1100000,8271706017,60.282,0.0336,0x0000000000050500,2.0254752
5,0,10,dt,3,234,28,1100000,8271706017,60.282,0.0285,_ZN4daal15data_management8internal11splitColumnIdiLNS_7CpuTypeE6EEENS_8services10interface16StatusERKNS5_9SharedPtrINS0_10interface112NumericTableEEESC_SC_PKT0_SF_mmmm,1.718037
6,0,10,dt,3,234,28,1100000,8271706017,60.282,0.0235,_Z11aquicksort_IN3npy10double_tagEdEiPT0_Pll,1.4166269999999999
7,0,10,dt,3,234,28,1100000,8271706017,60.282,0.014,0x0000000000050a0e,0.8439479999999999
8,0,10,dt,3,234,28,1100000,8271706017,60.282,0.012,__pyx_f_7sklearn_4tree_10_criterion_23ClassificationCriterion_update,0.723384
9,0,10,dt,3,234,28,1100000,8271706017,60.282,0.0097,0x0000000000050a6c,0.5847354
10,0,10,dt,3,234,28,1100000,8271706017,60.282,0.0096,0x0000000000050a68,0.5787071999999999
11,0,10,dt,3,234,28,1100000,8271706017,60.282,0.0092,_ZN4daal13threader_funcIZNS_24conditional_threader_forIZNS_15data_management8internal20computeSumAVX512ImplIdEET_mmPPKS5_EUlmE_EEvbmS5_EUlmE_EEviPKv,0.5545943999999999
12,0,10,dt,3,234,28,1100000,8271706017,60.282,0.0088,0x0000000000050a62,0.5304816
13,0,10,dt,3,234,28,1100000,8271706017,60.282,0.0072,AVX512_SKX_isnan_DOUBLE,0.4340304
14,0,10,dt,3,234,28,1100000,8271706017,60.282,0.0058,PyArray_Nonzero,0.34963559999999994
15,0,20,dt,3,469,28,2200000,16352458188,68.413,0.2852,tokenize_bytes,19.5113876
16,0,20,dt,3,469,28,2200000,16352458188,68.413,0.1886,precise_xstrtod,12.9026918
17,0,20,dt,3,469,28,2200000,16352458188,68.413,0.1777,__pyx_f_7sklearn_4tree_9_splitter_introsort,12.1569901
18,0,20,dt,3,469,28,2200000,16352458188,68.413,0.0313,__memmove_evex_unaligned_erms,2.1413269
19,0,20,dt,3,469,28,2200000,16352458188,68.413,0.0294,0x0000000000050500,2.0113421999999996
20,0,20,dt,3,469,28,2200000,16352458188,68.413,0.0275,__pyx_f_7sklearn_4tree_10_criterion_23ClassificationCriterion_update,1.8813575
21,0,20,dt,3,469,28,2200000,16352458188,68.413,0.0251,_ZN4daal15data_management8internal11splitColumnIdiLNS_7CpuTypeE6EEENS_8services10interface16StatusERKNS5_9SharedPtrINS0_10interface112NumericTableEEESC_SC_PKT0_SF_mmmm,1.7171663
22,0,20,dt,3,469,28,2200000,16352458188,68.413,0.0206,_Z11aquicksort_IN3npy10double_tagEdEiPT0_Pll,1.4093077999999999
23,0,20,dt,3,469,28,2200000,16352458188,68.413,0.0121,0x0000000000050a0e,0.8277973
24,0,20,dt,3,469,28,2200000,16352458188,68.413,0.0091,__pyx_f_7sklearn_4tree_9_splitter_16DensePartitioner_sort_samples_and_feature_values,0.6225583
25,0,20,dt,3,469,28,2200000,16352458188,68.413,0.0089,0x0000000000050a6c,0.6088757
26,0,20,dt,3,469,28,2200000,16352458188,68.413,0.0086,0x0000000000050a68,0.5883518
27,0,20,dt,3,469,28,2200000,16352458188,68.413,0.0083,_ZN4daal13threader_funcIZNS_24conditional_threader_forIZNS_15data_management8internal20computeSumAVX512ImplIdEET_mmPPKS5_EUlmE_EEvbmS5_EUlmE_EEviPKv,0.5678278999999999
28,0,20,dt,3,469,28,2200000,16352458188,68.413,0.0077,0x0000000000050a62,0.5267801
29,0,20,dt,3,469,28,2200000,16352458188,68.413,0.0067,AVX512_SKX_isnan_DOUBLE,0.45836709999999997
30,0,30,dt,3,704,28,3300000,25111688961,77.604,0.2546,tokenize_bytes,19.7579784
31,0,30,dt,3,704,28,3300000,25111688961,77.604,0.2367,__pyx_f_7sklearn_4tree_9_splitter_introsort,18.3688668
32,0,30,dt,3,704,28,3300000,25111688961,77.604,0.1686,precise_xstrtod,13.0840344
33,0,30,dt,3,704,28,3300000,25111688961,77.604,0.0431,__pyx_f_7sklearn_4tree_10_criterion_23ClassificationCriterion_update,3.3447324
34,0,30,dt,3,704,28,3300000,25111688961,77.604,0.0275,__memmove_evex_unaligned_erms,2.13411
35,0,30,dt,3,704,28,3300000,25111688961,77.604,0.0262,0x0000000000050500,2.0332248
36,0,30,dt,3,704,28,3300000,25111688961,77.604,0.0223,_ZN4daal15data_management8internal11splitColumnIdiLNS_7CpuTypeE6EEENS_8services10interface16StatusERKNS5_9SharedPtrINS0_10interface112NumericTableEEESC_SC_PKT0_SF_mmmm,1.7305692
37,0,30,dt,3,704,28,3300000,25111688961,77.604,0.0184,_Z11aquicksort_IN3npy10double_tagEdEiPT0_Pll,1.4279136
38,0,30,dt,3,704,28,3300000,25111688961,77.604,0.013,__pyx_f_7sklearn_4tree_9_splitter_16DensePartitioner_sort_samples_and_feature_values,1.0088519999999999
39,0,30,dt,3,704,28,3300000,25111688961,77.604,0.0111,0x0000000000050a0e,0.8614044000000001
40,0,30,dt,3,704,28,3300000,25111688961,77.604,0.0076,_ZN4daal13threader_funcIZNS_24conditional_threader_forIZNS_15data_management8internal20computeSumAVX512ImplIdEET_mmPPKS5_EUlmE_EEvbmS5_EUlmE_EEviPKv,0.5897904
41,0,30,dt,3,704,28,3300000,25111688961,77.604,0.0076,__pyx_fuse_0__pyx_f_7sklearn_4tree_9_splitter_node_split_best,0.5897904
42,0,30,dt,3,704,28,3300000,25111688961,77.604,0.0073,0x0000000000050a6c,0.5665092
43,0,30,dt,3,704,28,3300000,25111688961,77.604,0.0073,0x0000000000050a68,0.5665092
44,0,30,dt,3,704,28,3300000,25111688961,77.604,0.007,0x0000000000050a62,0.543228
45,0,40,dt,3,939,28,4400000,33180493568,85.839,0.2819,__pyx_f_7sklearn_4tree_9_splitter_introsort,24.198014099999998
46,0,40,dt,3,939,28,4400000,33180493568,85.839,0.2297,tokenize_bytes,19.7172183
47,0,40,dt,3,939,28,4400000,33180493568,85.839,0.1519,precise_xstrtod,13.0389441
48,0,40,dt,3,939,28,4400000,33180493568,85.839,0.0578,__pyx_f_7sklearn_4tree_10_criterion_23ClassificationCriterion_update,4.9614942
49,0,40,dt,3,939,28,4400000,33180493568,85.839,0.0249,__memmove_evex_unaligned_erms,2.1373911
50,0,40,dt,3,939,28,4400000,33180493568,85.839,0.0236,0x0000000000050500,2.0258004
51,0,40,dt,3,939,28,4400000,33180493568,85.839,0.0202,_ZN4daal15data_management8internal11splitColumnIdiLNS_7CpuTypeE6EEENS_8services10interface16StatusERKNS5_9SharedPtrINS0_10interface112NumericTableEEESC_SC_PKT0_SF_mmmm,1.7339478
52,0,40,dt,3,939,28,4400000,33180493568,85.839,0.0166,_Z11aquicksort_IN3npy10double_tagEdEiPT0_Pll,1.4249274
53,0,40,dt,3,939,28,4400000,33180493568,85.839,0.016,__pyx_f_7sklearn_4tree_9_splitter_16DensePartitioner_sort_samples_and_feature_values,1.373424
54,0,40,dt,3,939,28,4400000,33180493568,85.839,0.0101,0x0000000000050a0e,0.8669739
55,0,40,dt,3,939,28,4400000,33180493568,85.839,0.0082,__pyx_fuse_0__pyx_f_7sklearn_4tree_9_splitter_node_split_best,0.7038798
56,0,40,dt,3,939,28,4400000,33180493568,85.839,0.0071,_ZN4daal13threader_funcIZNS_24conditional_threader_forIZNS_15data_management8internal20computeSumAVX512ImplIdEET_mmPPKS5_EUlmE_EEvbmS5_EUlmE_EEviPKv,0.6094569000000001
57,0,40,dt,3,939,28,4400000,33180493568,85.839,0.0065,0x0000000000050a6c,0.5579535
58,0,40,dt,3,939,28,4400000,33180493568,85.839,0.0065,0x0000000000050a68,0.5579535
59,0,40,dt,3,939,28,4400000,33180493568,85.839,0.0063,0x0000000000050a62,0.5407857
60,0,50,dt,3,1174,28,5500000,41830105145,94.468,0.319,__pyx_f_7sklearn_4tree_9_splitter_introsort,30.135292000000003
61,0,50,dt,3,1174,28,5500000,41830105145,94.468,0.2076,tokenize_bytes,19.611556800000002
62,0,50,dt,3,1174,28,5500000,41830105145,94.468,0.138,precise_xstrtod,13.036584000000001
63,0,50,dt,3,1174,28,5500000,41830105145,94.468,0.0737,__pyx_f_7sklearn_4tree_10_criterion_23ClassificationCriterion_update,6.9622916
64,0,50,dt,3,1174,28,5500000,41830105145,94.468,0.023,__memmove_evex_unaligned_erms,2.172764
65,0,50,dt,3,1174,28,5500000,41830105145,94.468,0.0214,0x0000000000050500,2.0216152
66,0,50,dt,3,1174,28,5500000,41830105145,94.468,0.0184,__pyx_f_7sklearn_4tree_9_splitter_16DensePartitioner_sort_samples_and_feature_values,1.7382112
67,0,50,dt,3,1174,28,5500000,41830105145,94.468,0.0181,_ZN4daal15data_management8internal11splitColumnIdiLNS_7CpuTypeE6EEENS_8services10interface16StatusERKNS5_9SharedPtrINS0_10interface112NumericTableEEESC_SC_PKT0_SF_mmmm,1.7098708000000002
68,0,50,dt,3,1174,28,5500000,41830105145,94.468,0.015,_Z11aquicksort_IN3npy10double_tagEdEiPT0_Pll,1.41702
69,0,50,dt,3,1174,28,5500000,41830105145,94.468,0.0087,0x0000000000050a0e,0.8218715999999999
70,0,50,dt,3,1174,28,5500000,41830105145,94.468,0.0085,__pyx_fuse_0__pyx_f_7sklearn_4tree_9_splitter_node_split_best,0.8029780000000001
71,0,50,dt,3,1174,28,5500000,41830105145,94.468,0.0066,_ZN4daal13threader_funcIZNS_24conditional_threader_forIZNS_15data_management8internal20computeSumAVX512ImplIdEET_mmPPKS5_EUlmE_EEvbmS5_EUlmE_EEviPKv,0.6234888000000001
72,0,50,dt,3,1174,28,5500000,41830105145,94.468,0.006,0x0000000000050a6c,0.566808
73,0,50,dt,3,1174,28,5500000,41830105145,94.468,0.006,0x0000000000050a68,0.566808
74,0,50,dt,3,1174,28,5500000,41830105145,94.468,0.0057,0x0000000000050a62,0.5384676
75,0,60,dt,3,1409,28,6600000,50242591701,102.842,0.3519,__pyx_f_7sklearn_4tree_9_splitter_introsort,36.1900998
76,0,60,dt,3,1409,28,6600000,50242591701,102.842,0.1915,tokenize_bytes,19.694243
77,0,60,dt,3,1409,28,6600000,50242591701,102.842,0.1267,precise_xstrtod,13.0300814
78,0,60,dt,3,1409,28,6600000,50242591701,102.842,0.0815,__pyx_f_7sklearn_4tree_10_criterion_23ClassificationCriterion_update,8.381623
79,0,60,dt,3,1409,28,6600000,50242591701,102.842,0.0206,__memmove_evex_unaligned_erms,2.1185452
80,0,60,dt,3,1409,28,6600000,50242591701,102.842,0.0205,__pyx_f_7sklearn_4tree_9_splitter_16DensePartitioner_sort_samples_and_feature_values,2.108261
81,0,60,dt,3,1409,28,6600000,50242591701,102.842,0.0198,0x0000000000050500,2.0362716
82,0,60,dt,3,1409,28,6600000,50242591701,102.842,0.0167,_ZN4daal15data_management8internal11splitColumnIdiLNS_7CpuTypeE6EEENS_8services10interface16StatusERKNS5_9SharedPtrINS0_10interface112NumericTableEEESC_SC_PKT0_SF_mmmm,1.7174614
83,0,60,dt,3,1409,28,6600000,50242591701,102.842,0.0138,_Z11aquicksort_IN3npy10double_tagEdEiPT0_Pll,1.4192196
84,0,60,dt,3,1409,28,6600000,50242591701,102.842,0.0089,__pyx_fuse_0__pyx_f_7sklearn_4tree_9_splitter_node_split_best,0.9152937999999999
85,0,60,dt,3,1409,28,6600000,50242591701,102.842,0.0084,0x0000000000050a0e,0.8638727999999999
86,0,60,dt,3,1409,28,6600000,50242591701,102.842,0.0062,_ZN4daal13threader_funcIZNS_24conditional_threader_forIZNS_15data_management8internal20computeSumAVX512ImplIdEET_mmPPKS5_EUlmE_EEvbmS5_EUlmE_EEviPKv,0.6376204
87,0,60,dt,3,1409,28,6600000,50242591701,102.842,0.0054,0x0000000000050a6c,0.5553468
88,0,60,dt,3,1409,28,6600000,50242591701,102.842,0.0053,__pyx_f_7sklearn_4tree_10_criterion_7Entropy_children_impurity,0.5450626
89,0,60,dt,3,1409,28,6600000,50242591701,102.842,0.0052,0x0000000000050a62,0.5347784
90,0,70,dt,3,1644,28,7699999,58569724585,111.395,0.3772,__pyx_f_7sklearn_4tree_9_splitter_introsort,42.018193999999994
91,0,70,dt,3,1644,28,7699999,58569724585,111.395,0.1761,tokenize_bytes,19.6166595
92,0,70,dt,3,1644,28,7699999,58569724585,111.395,0.117,precise_xstrtod,13.033215
93,0,70,dt,3,1644,28,7699999,58569724585,111.395,0.0909,__pyx_f_7sklearn_4tree_10_criterion_23ClassificationCriterion_update,10.125805499999998
94,0,70,dt,3,1644,28,7699999,58569724585,111.395,0.0224,__pyx_f_7sklearn_4tree_9_splitter_16DensePartitioner_sort_samples_and_feature_values,2.4952479999999997
95,0,70,dt,3,1644,28,7699999,58569724585,111.395,0.0196,__memmove_evex_unaligned_erms,2.1833419999999997
96,0,70,dt,3,1644,28,7699999,58569724585,111.395,0.0182,0x0000000000050500,2.027389
97,0,70,dt,3,1644,28,7699999,58569724585,111.395,0.0154,_ZN4daal15data_management8internal11splitColumnIdiLNS_7CpuTypeE6EEENS_8services10interface16StatusERKNS5_9SharedPtrINS0_10interface112NumericTableEEESC_SC_PKT0_SF_mmmm,1.715483
98,0,70,dt,3,1644,28,7699999,58569724585,111.395,0.0127,_Z11aquicksort_IN3npy10double_tagEdEiPT0_Pll,1.4147165
99,0,70,dt,3,1644,28,7699999,58569724585,111.395,0.009,__pyx_fuse_0__pyx_f_7sklearn_4tree_9_splitter_node_split_best,1.0025549999999999
100,0,70,dt,3,1644,28,7699999,58569724585,111.395,0.0075,0x0000000000050a0e,0.8354624999999999
101,0,70,dt,3,1644,28,7699999,58569724585,111.395,0.0059,_ZN4daal13threader_funcIZNS_24conditional_threader_forIZNS_15data_management8internal20computeSumAVX512ImplIdEET_mmPPKS5_EUlmE_EEvbmS5_EUlmE_EEviPKv,0.6572304999999999
102,0,70,dt,3,1644,28,7699999,58569724585,111.395,0.0052,0x0000000000050a6c,0.5792539999999999
103,0,70,dt,3,1644,28,7699999,58569724585,111.395,0.0051,0x0000000000050a68,0.5681145
104,0,70,dt,3,1644,28,7699999,58569724585,111.395,0.005,AVX512_SKX_isnan_DOUBLE,0.556975
105,0,80,dt,3,1879,28,8800000,66651086165,119.47,0.3997,__pyx_f_7sklearn_4tree_9_splitter_introsort,47.752159
106,0,80,dt,3,1879,28,8800000,66651086165,119.47,0.1638,tokenize_bytes,19.569186
107,0,80,dt,3,1879,28,8800000,66651086165,119.47,0.109,precise_xstrtod,13.02223
108,0,80,dt,3,1879,28,8800000,66651086165,119.47,0.0983,__pyx_f_7sklearn_4tree_10_criterion_23ClassificationCriterion_update,11.743901
109,0,80,dt,3,1879,28,8800000,66651086165,119.47,0.0245,__pyx_f_7sklearn_4tree_9_splitter_16DensePartitioner_sort_samples_and_feature_values,2.927015
110,0,80,dt,3,1879,28,8800000,66651086165,119.47,0.0183,__memmove_evex_unaligned_erms,2.186301
111,0,80,dt,3,1879,28,8800000,66651086165,119.47,0.0169,0x0000000000050500,2.019043
112,0,80,dt,3,1879,28,8800000,66651086165,119.47,0.0144,_ZN4daal15data_management8internal11splitColumnIdiLNS_7CpuTypeE6EEENS_8services10interface16StatusERKNS5_9SharedPtrINS0_10interface112NumericTableEEESC_SC_PKT0_SF_mmmm,1.720368
113,0,80,dt,3,1879,28,8800000,66651086165,119.47,0.0119,_Z11aquicksort_IN3npy10double_tagEdEiPT0_Pll,1.421693
114,0,80,dt,3,1879,28,8800000,66651086165,119.47,0.0091,__pyx_fuse_0__pyx_f_7sklearn_4tree_9_splitter_node_split_best,1.087177
115,0,80,dt,3,1879,28,8800000,66651086165,119.47,0.0071,0x0000000000050a0e,0.848237
116,0,80,dt,3,1879,28,8800000,66651086165,119.47,0.0057,_ZN4daal13threader_funcIZNS_24conditional_threader_forIZNS_15data_management8internal20computeSumAVX512ImplIdEET_mmPPKS5_EUlmE_EEvbmS5_EUlmE_EEviPKv,0.680979
117,0,80,dt,3,1879,28,8800000,66651086165,119.47,0.0051,0x0000000000050a6c,0.6092970000000001
118,0,80,dt,3,1879,28,8800000,66651086165,119.47,0.0049,__pyx_f_7sklearn_4tree_10_criterion_7Entropy_children_impurity,0.585403
119,0,80,dt,3,1879,28,8800000,66651086165,119.47,0.0048,AVX512_SKX_isnan_DOUBLE,0.573456
120,0,90,dt,3,2114,28,9900000,76221451436,129.077,0.4195,__pyx_f_7sklearn_4tree_9_splitter_introsort,54.1478015
121,0,90,dt,3,2114,28,9900000,76221451436,129.077,0.1535,tokenize_bytes,19.8133195
122,0,90,dt,3,2114,28,9900000,76221451436,129.077,0.1027,__pyx_f_7sklearn_4tree_10_criterion_23ClassificationCriterion_update,13.2562079
123,0,90,dt,3,2114,28,9900000,76221451436,129.077,0.1017,precise_xstrtod,13.1271309
124,0,90,dt,3,2114,28,9900000,76221451436,129.077,0.0265,__pyx_f_7sklearn_4tree_9_splitter_16DensePartitioner_sort_samples_and_feature_values,3.4205405
125,0,90,dt,3,2114,28,9900000,76221451436,129.077,0.017,__memmove_evex_unaligned_erms,2.194309
126,0,90,dt,3,2114,28,9900000,76221451436,129.077,0.0158,0x0000000000050500,2.0394166
127,0,90,dt,3,2114,28,9900000,76221451436,129.077,0.0135,_ZN4daal15data_management8internal11splitColumnIdiLNS_7CpuTypeE6EEENS_8services10interface16StatusERKNS5_9SharedPtrINS0_10interface112NumericTableEEESC_SC_PKT0_SF_mmmm,1.7425395
128,0,90,dt,3,2114,28,9900000,76221451436,129.077,0.0111,_Z11aquicksort_IN3npy10double_tagEdEiPT0_Pll,1.4327547
129,0,90,dt,3,2114,28,9900000,76221451436,129.077,0.0092,__pyx_fuse_0__pyx_f_7sklearn_4tree_9_splitter_node_split_best,1.1875084
130,0,90,dt,3,2114,28,9900000,76221451436,129.077,0.0065,0x0000000000050a0e,0.8390004999999999
131,0,90,dt,3,2114,28,9900000,76221451436,129.077,0.0054,_ZN4daal13threader_funcIZNS_24conditional_threader_forIZNS_15data_management8internal20computeSumAVX512ImplIdEET_mmPPKS5_EUlmE_EEvbmS5_EUlmE_EEviPKv,0.6970158000000001
132,0,90,dt,3,2114,28,9900000,76221451436,129.077,0.0051,DOUBLE_pairwise_sum,0.6582927000000001
133,0,90,dt,3,2114,28,9900000,76221451436,129.077,0.0047,0x0000000000050a6c,0.6066619
134,0,90,dt,3,2114,28,9900000,76221451436,129.077,0.0046,AVX512_SKX_isnan_DOUBLE,0.5937542
135,1,10,dt,3,234,28,1100000,10914615000,123.764,0.328,memset,40.594592
136,1,10,dt,3,234,28,1100000,10914615000,123.764,0.1474,tokenize_bytes,18.242813599999998
137,1,10,dt,3,234,28,1100000,10914615000,123.764,0.0904,precise_xstrtod,11.1882656
138,1,10,dt,3,234,28,1100000,10914615000,123.764,0.0854,memcpy,10.5694456
139,1,10,dt,3,234,28,1100000,10914615000,123.764,0.0613,sgx_copy_to_enclave_verified,7.586733199999999
140,1,10,dt,3,234,28,1100000,10914615000,123.764,0.0422,__pyx_f_7sklearn_4tree_9_splitter_introsort,5.2228408
141,1,10,dt,3,234,28,1100000,10914615000,123.764,0.0264,0x0000000000050500,3.2673696
142,1,10,dt,3,234,28,1100000,10914615000,123.764,0.0245,_ZN4daal15data_management8internal11splitColumnIdiLNS_7CpuTypeE6EEENS_8services10interface16StatusERKNS5_9SharedPtrINS0_10interface112NumericTableEEESC_SC_PKT0_SF_mmmm,3.032218
143,1,10,dt,3,234,28,1100000,10914615000,123.764,0.0238,__pyx_f_7sklearn_4tree_10_criterion_23ClassificationCriterion_update,2.9455832
144,1,10,dt,3,234,28,1100000,10914615000,123.764,0.015,mbedtls_internal_sha256_process,1.8564599999999998
145,1,10,dt,3,234,28,1100000,10914615000,123.764,0.0139,__memmove_evex_unaligned_erms,1.7203195999999998
146,1,10,dt,3,234,28,1100000,10914615000,123.764,0.0138,_Z11aquicksort_IN3npy10double_tagEdEiPT0_Pll,1.7079431999999999
147,1,10,dt,3,234,28,1100000,10914615000,123.764,0.0078,0x0000000000050a0e,0.9653592
148,1,10,dt,3,234,28,1100000,10914615000,123.764,0.0055,get_trusted_or_allowed_file,0.6807019999999999
149,1,10,dt,3,234,28,1100000,10914615000,123.764,0.0047,0x0000000000050a68,0.5816908
150,1,20,dt,3,469,28,2200000,22951334000,136.026,0.2994,memset,40.7261844
151,1,20,dt,3,469,28,2200000,22951334000,136.026,0.1387,tokenize_bytes,18.8668062
152,1,20,dt,3,469,28,2200000,22951334000,136.026,0.0892,precise_xstrtod,12.1335192
153,1,20,dt,3,469,28,2200000,22951334000,136.026,0.0825,__pyx_f_7sklearn_4tree_9_splitter_introsort,11.222145000000001
154,1,20,dt,3,469,28,2200000,22951334000,136.026,0.078,memcpy,10.610028000000002
155,1,20,dt,3,469,28,2200000,22951334000,136.026,0.0538,sgx_copy_to_enclave_verified,7.3181988
156,1,20,dt,3,469,28,2200000,22951334000,136.026,0.0487,__pyx_f_7sklearn_4tree_10_criterion_23ClassificationCriterion_update,6.6244662000000005
157,1,20,dt,3,469,28,2200000,22951334000,136.026,0.0232,0x0000000000050500,3.1558032
158,1,20,dt,3,469,28,2200000,22951334000,136.026,0.022,_ZN4daal15data_management8internal11splitColumnIdiLNS_7CpuTypeE6EEENS_8services10interface16StatusERKNS5_9SharedPtrINS0_10interface112NumericTableEEESC_SC_PKT0_SF_mmmm,2.992572
159,1,20,dt,3,469,28,2200000,22951334000,136.026,0.0154,mbedtls_internal_sha256_process,2.0948004
160,1,20,dt,3,469,28,2200000,22951334000,136.026,0.0129,_Z11aquicksort_IN3npy10double_tagEdEiPT0_Pll,1.7547354000000002
161,1,20,dt,3,469,28,2200000,22951334000,136.026,0.0117,__memmove_evex_unaligned_erms,1.5915042000000001
162,1,20,dt,3,469,28,2200000,22951334000,136.026,0.0055,0x0000000000050a0e,0.748143
163,1,20,dt,3,469,28,2200000,22951334000,136.026,0.0049,get_trusted_or_allowed_file,0.6665274
164,1,20,dt,3,469,28,2200000,22951334000,136.026,0.0048,0x0000000000050a6c,0.6529248
165,1,30,dt,3,704,28,3300000,38937534000,151.353,0.2667,memset,40.3658451
166,1,30,dt,3,704,28,3300000,38937534000,151.353,0.1275,tokenize_bytes,19.297507500000002
167,1,30,dt,3,704,28,3300000,38937534000,151.353,0.1092,__pyx_f_7sklearn_4tree_9_splitter_introsort,16.5277476
168,1,30,dt,3,704,28,3300000,38937534000,151.353,0.0946,__pyx_f_7sklearn_4tree_10_criterion_23ClassificationCriterion_update,14.317993800000002
169,1,30,dt,3,704,28,3300000,38937534000,151.353,0.0792,precise_xstrtod,11.987157600000002
170,1,30,dt,3,704,28,3300000,38937534000,151.353,0.0743,memcpy,11.2455279
171,1,30,dt,3,704,28,3300000,38937534000,151.353,0.0496,sgx_copy_to_enclave_verified,7.5071088
172,1,30,dt,3,704,28,3300000,38937534000,151.353,0.021,0x0000000000050500,3.1784130000000004
173,1,30,dt,3,704,28,3300000,38937534000,151.353,0.0203,_ZN4daal15data_management8internal11splitColumnIdiLNS_7CpuTypeE6EEENS_8services10interface16StatusERKNS5_9SharedPtrINS0_10interface112NumericTableEEESC_SC_PKT0_SF_mmmm,3.0724659
174,1,30,dt,3,704,28,3300000,38937534000,151.353,0.0155,mbedtls_internal_sha256_process,2.3459715
175,1,30,dt,3,704,28,3300000,38937534000,151.353,0.0115,_Z11aquicksort_IN3npy10double_tagEdEiPT0_Pll,1.7405595
176,1,30,dt,3,704,28,3300000,38937534000,151.353,0.0101,__memmove_evex_unaligned_erms,1.5286653000000001
177,1,30,dt,3,704,28,3300000,38937534000,151.353,0.0094,__pyx_f_7sklearn_4tree_9_splitter_16DensePartitioner_sort_samples_and_feature_values,1.4227182
178,1,30,dt,3,704,28,3300000,38937534000,151.353,0.0052,__pyx_fuse_0__pyx_f_7sklearn_4tree_9_splitter_node_split_best,0.7870356000000001
179,1,30,dt,3,704,28,3300000,38937534000,151.353,0.0052,0x0000000000050a0e,0.7870356000000001
180,1,40,dt,3,939,28,4400000,55678165000,167.866,0.2395,memset,40.203907
181,1,40,dt,3,939,28,4400000,55678165000,167.866,0.1357,__pyx_f_7sklearn_4tree_10_criterion_23ClassificationCriterion_update,22.7794162
182,1,40,dt,3,939,28,4400000,55678165000,167.866,0.1345,__pyx_f_7sklearn_4tree_9_splitter_introsort,22.577977000000004
183,1,40,dt,3,939,28,4400000,55678165000,167.866,0.1103,tokenize_bytes,18.5156198
184,1,40,dt,3,939,28,4400000,55678165000,167.866,0.0708,precise_xstrtod,11.884912800000002
185,1,40,dt,3,939,28,4400000,55678165000,167.866,0.0673,memcpy,11.2973818
186,1,40,dt,3,939,28,4400000,55678165000,167.866,0.0463,sgx_copy_to_enclave_verified,7.7721958
187,1,40,dt,3,939,28,4400000,55678165000,167.866,0.0192,0x0000000000050500,3.2230272
188,1,40,dt,3,939,28,4400000,55678165000,167.866,0.0184,_ZN4daal15data_management8internal11splitColumnIdiLNS_7CpuTypeE6EEENS_8services10interface16StatusERKNS5_9SharedPtrINS0_10interface112NumericTableEEESC_SC_PKT0_SF_mmmm,3.0887344000000003
189,1,40,dt,3,939,28,4400000,55678165000,167.866,0.0131,__pyx_f_7sklearn_4tree_9_splitter_16DensePartitioner_sort_samples_and_feature_values,2.1990446
190,1,40,dt,3,939,28,4400000,55678165000,167.866,0.0124,mbedtls_internal_sha256_process,2.0815384
191,1,40,dt,3,939,28,4400000,55678165000,167.866,0.0106,_Z11aquicksort_IN3npy10double_tagEdEiPT0_Pll,1.7793796000000002
192,1,40,dt,3,939,28,4400000,55678165000,167.866,0.0097,__memmove_evex_unaligned_erms,1.6283002000000002
193,1,40,dt,3,939,28,4400000,55678165000,167.866,0.0048,__pyx_fuse_0__pyx_f_7sklearn_4tree_9_splitter_node_split_best,0.8057568
194,1,40,dt,3,939,28,4400000,55678165000,167.866,0.0044,__pyx_f_7sklearn_4tree_10_criterion_23ClassificationCriterion_init,0.7386104000000001
195,1,50,dt,3,1174,28,5500000,73613295000,186.608,0.2133,memset,39.8034864
196,1,50,dt,3,1174,28,5500000,73613295000,186.608,0.1755,__pyx_f_7sklearn_4tree_10_criterion_23ClassificationCriterion_update,32.749704
197,1,50,dt,3,1174,28,5500000,73613295000,186.608,0.1538,__pyx_f_7sklearn_4tree_9_splitter_introsort,28.7003104
198,1,50,dt,3,1174,28,5500000,73613295000,186.608,0.0997,tokenize_bytes,18.6048176
199,1,50,dt,3,1174,28,5500000,73613295000,186.608,0.0627,precise_xstrtod,11.7003216
200,1,50,dt,3,1174,28,5500000,73613295000,186.608,0.0614,memcpy,11.457731200000001
201,1,50,dt,3,1174,28,5500000,73613295000,186.608,0.0419,sgx_copy_to_enclave_verified,7.8188752
202,1,50,dt,3,1174,28,5500000,73613295000,186.608,0.0178,0x0000000000050500,3.3216224
203,1,50,dt,3,1174,28,5500000,73613295000,186.608,0.0171,_ZN4daal15data_management8internal11splitColumnIdiLNS_7CpuTypeE6EEENS_8services10interface16StatusERKNS5_9SharedPtrINS0_10interface112NumericTableEEESC_SC_PKT0_SF_mmmm,3.1909968
204,1,50,dt,3,1174,28,5500000,73613295000,186.608,0.016,__pyx_f_7sklearn_4tree_9_splitter_16DensePartitioner_sort_samples_and_feature_values,2.985728
205,1,50,dt,3,1174,28,5500000,73613295000,186.608,0.0114,mbedtls_internal_sha256_process,2.1273312
206,1,50,dt,3,1174,28,5500000,73613295000,186.608,0.0103,__memmove_evex_unaligned_erms,1.9220624000000002
207,1,50,dt,3,1174,28,5500000,73613295000,186.608,0.0098,_Z11aquicksort_IN3npy10double_tagEdEiPT0_Pll,1.8287584
208,1,50,dt,3,1174,28,5500000,73613295000,186.608,0.006,0x0000000000050a0e,1.119648
209,1,50,dt,3,1174,28,5500000,73613295000,186.608,0.0053,__pyx_f_7sklearn_4tree_10_criterion_23ClassificationCriterion_init,0.9890224000000001
210,1,60,dt,3,1409,28,6600000,93320007000,205.794,0.212,__pyx_f_7sklearn_4tree_10_criterion_23ClassificationCriterion_update,43.628328
211,1,60,dt,3,1409,28,6600000,93320007000,205.794,0.1978,memset,40.7060532
212,1,60,dt,3,1409,28,6600000,93320007000,205.794,0.1672,__pyx_f_7sklearn_4tree_9_splitter_introsort,34.4087568
213,1,60,dt,3,1409,28,6600000,93320007000,205.794,0.0889,tokenize_bytes,18.2950866
214,1,60,dt,3,1409,28,6600000,93320007000,205.794,0.0606,precise_xstrtod,12.471116400000001
215,1,60,dt,3,1409,28,6600000,93320007000,205.794,0.0589,memcpy,12.1212666
216,1,60,dt,3,1409,28,6600000,93320007000,205.794,0.0356,sgx_copy_to_enclave_verified,7.326266400000001
217,1,60,dt,3,1409,28,6600000,93320007000,205.794,0.0188,__pyx_f_7sklearn_4tree_9_splitter_16DensePartitioner_sort_samples_and_feature_values,3.8689272000000003
218,1,60,dt,3,1409,28,6600000,93320007000,205.794,0.0159,0x0000000000050500,3.2721246
219,1,60,dt,3,1409,28,6600000,93320007000,205.794,0.0152,_ZN4daal15data_management8internal11splitColumnIdiLNS_7CpuTypeE6EEENS_8services10interface16StatusERKNS5_9SharedPtrINS0_10interface112NumericTableEEESC_SC_PKT0_SF_mmmm,3.1280688000000003
220,1,60,dt,3,1409,28,6600000,93320007000,205.794,0.0112,mbedtls_internal_sha256_process,2.3048928
221,1,60,dt,3,1409,28,6600000,93320007000,205.794,0.0089,_Z11aquicksort_IN3npy10double_tagEdEiPT0_Pll,1.8315666000000002
222,1,60,dt,3,1409,28,6600000,93320007000,205.794,0.0085,__memmove_evex_unaligned_erms,1.7492490000000003
223,1,60,dt,3,1409,28,6600000,93320007000,205.794,0.0067,__pyx_f_7sklearn_4tree_10_criterion_23ClassificationCriterion_init,1.3788198
224,1,60,dt,3,1409,28,6600000,93320007000,205.794,0.0051,0x0000000000050a0e,1.0495494
225,1,70,dt,3,1644,28,7699999,113417233000,228.031,0.2471,__pyx_f_7sklearn_4tree_10_criterion_23ClassificationCriterion_update,56.3464601
226,1,70,dt,3,1644,28,7699999,113417233000,228.031,0.1812,__pyx_f_7sklearn_4tree_9_splitter_introsort,41.319217200000004
227,1,70,dt,3,1644,28,7699999,113417233000,228.031,0.1773,memset,40.4298963
228,1,70,dt,3,1644,28,7699999,113417233000,228.031,0.0843,tokenize_bytes,19.2230133
229,1,70,dt,3,1644,28,7699999,113417233000,228.031,0.0555,precise_xstrtod,12.655720500000001
230,1,70,dt,3,1644,28,7699999,113417233000,228.031,0.0522,memcpy,11.903218200000001
231,1,70,dt,3,1644,28,7699999,113417233000,228.031,0.0335,sgx_copy_to_enclave_verified,7.639038500000001
232,1,70,dt,3,1644,28,7699999,113417233000,228.031,0.0203,__pyx_f_7sklearn_4tree_9_splitter_16DensePartitioner_sort_samples_and_feature_values,4.6290293
233,1,70,dt,3,1644,28,7699999,113417233000,228.031,0.0143,0x0000000000050500,3.2608433000000003
234,1,70,dt,3,1644,28,7699999,113417233000,228.031,0.0141,_ZN4daal15data_management8internal11splitColumnIdiLNS_7CpuTypeE6EEENS_8services10interface16StatusERKNS5_9SharedPtrINS0_10interface112NumericTableEEESC_SC_PKT0_SF_mmmm,3.2152371
235,1,70,dt,3,1644,28,7699999,113417233000,228.031,0.0098,mbedtls_internal_sha256_process,2.2347038
236,1,70,dt,3,1644,28,7699999,113417233000,228.031,0.0083,__pyx_f_7sklearn_4tree_10_criterion_23ClassificationCriterion_init,1.8926573
237,1,70,dt,3,1644,28,7699999,113417233000,228.031,0.008,_Z11aquicksort_IN3npy10double_tagEdEiPT0_Pll,1.824248
238,1,70,dt,3,1644,28,7699999,113417233000,228.031,0.0069,__memmove_evex_unaligned_erms,1.5734139
239,1,70,dt,3,1644,28,7699999,113417233000,228.031,0.0052,__pyx_fuse_0__pyx_f_7sklearn_4tree_9_splitter_node_split_best,1.1857612
240,1,80,dt,3,1879,28,8800000,133727121000,246.923,0.276,__pyx_f_7sklearn_4tree_10_criterion_23ClassificationCriterion_update,68.15074800000001
241,1,80,dt,3,1879,28,8800000,133727121000,246.923,0.1874,__pyx_f_7sklearn_4tree_9_splitter_introsort,46.2733702
242,1,80,dt,3,1879,28,8800000,133727121000,246.923,0.1686,memset,41.6312178
243,1,80,dt,3,1879,28,8800000,133727121000,246.923,0.076,tokenize_bytes,18.766148
244,1,80,dt,3,1879,28,8800000,133727121000,246.923,0.0498,precise_xstrtod,12.2967654
245,1,80,dt,3,1879,28,8800000,133727121000,246.923,0.0492,memcpy,12.1486116
246,1,80,dt,3,1879,28,8800000,133727121000,246.923,0.032,sgx_copy_to_enclave_verified,7.901536
247,1,80,dt,3,1879,28,8800000,133727121000,246.923,0.0225,__pyx_f_7sklearn_4tree_9_splitter_16DensePartitioner_sort_samples_and_feature_values,5.5557675
248,1,80,dt,3,1879,28,8800000,133727121000,246.923,0.0131,0x0000000000050500,3.2346913
249,1,80,dt,3,1879,28,8800000,133727121000,246.923,0.0127,_ZN4daal15data_management8internal11splitColumnIdiLNS_7CpuTypeE6EEENS_8services10interface16StatusERKNS5_9SharedPtrINS0_10interface112NumericTableEEESC_SC_PKT0_SF_mmmm,3.1359220999999997
250,1,80,dt,3,1879,28,8800000,133727121000,246.923,0.0097,mbedtls_internal_sha256_process,2.3951531
251,1,80,dt,3,1879,28,8800000,133727121000,246.923,0.0091,__pyx_f_7sklearn_4tree_10_criterion_23ClassificationCriterion_init,2.2469993
252,1,80,dt,3,1879,28,8800000,133727121000,246.923,0.0073,_Z11aquicksort_IN3npy10double_tagEdEiPT0_Pll,1.8025379000000001
253,1,80,dt,3,1879,28,8800000,133727121000,246.923,0.0073,__memmove_evex_unaligned_erms,1.8025379000000001
254,1,80,dt,3,1879,28,8800000,133727121000,246.923,0.0044,0x0000000000050a0e,1.0864612
255,1,90,dt,3,2114,28,9900000,154535586000,269.033,0.3,__pyx_f_7sklearn_4tree_10_criterion_23ClassificationCriterion_update,80.7099
256,1,90,dt,3,2114,28,9900000,154535586000,269.033,0.1931,__pyx_f_7sklearn_4tree_9_splitter_introsort,51.9502723
257,1,90,dt,3,2114,28,9900000,154535586000,269.033,0.161,memset,43.314313000000006
258,1,90,dt,3,2114,28,9900000,154535586000,269.033,0.0712,tokenize_bytes,19.1551496
259,1,90,dt,3,2114,28,9900000,154535586000,269.033,0.0451,precise_xstrtod,12.133388300000002
260,1,90,dt,3,2114,28,9900000,154535586000,269.033,0.0426,memcpy,11.460805800000001
261,1,90,dt,3,2114,28,9900000,154535586000,269.033,0.0275,sgx_copy_to_enclave_verified,7.3984075
262,1,90,dt,3,2114,28,9900000,154535586000,269.033,0.0239,__pyx_f_7sklearn_4tree_9_splitter_16DensePartitioner_sort_samples_and_feature_values,6.4298887
263,1,90,dt,3,2114,28,9900000,154535586000,269.033,0.0129,0x0000000000050500,3.4705257
264,1,90,dt,3,2114,28,9900000,154535586000,269.033,0.0118,_ZN4daal15data_management8internal11splitColumnIdiLNS_7CpuTypeE6EEENS_8services10interface16StatusERKNS5_9SharedPtrINS0_10interface112NumericTableEEESC_SC_PKT0_SF_mmmm,3.1745894
265,1,90,dt,3,2114,28,9900000,154535586000,269.033,0.0104,__pyx_f_7sklearn_4tree_10_criterion_23ClassificationCriterion_init,2.7979432
266,1,90,dt,3,2114,28,9900000,154535586000,269.033,0.0089,mbedtls_internal_sha256_process,2.3943937
267,1,90,dt,3,2114,28,9900000,154535586000,269.033,0.0068,_Z11aquicksort_IN3npy10double_tagEdEiPT0_Pll,1.8294244
268,1,90,dt,3,2114,28,9900000,154535586000,269.033,0.0065,__memmove_evex_unaligned_erms,1.7487145
269,1,90,dt,3,2114,28,9900000,154535586000,269.033,0.0038,__pyx_fuse_0__pyx_f_7sklearn_4tree_9_splitter_node_split_best,1.0223254000000002
